{
  "app_name": "Tahsaldar",
  "enter_your_name": "Enter your Name",
  "complete_your_info": "Complete your Info",
  "reset_password": "Reset password",
  "reset_password_info": "Enter your new password",
  "old_password": "Old password",
  "password_changed": "Password change successfully",
  "new_password": "New password",
  "confirm_new_password": "Confirm new password",
  "change_password": "Change password",
  "enter_password": "Enter password please",
  "change_password_info": "Enter your new password",
  "enter_the_same_mobile_number": "Enter the same mobile number used at the bank and you will receive an OTP code for verification",
  "mobile_number": "Mobile Number",
  "verification": "Verification code",
  "login_message": "Please enter your mobile number",
  "verification_invalid": "Verification code invalid",
  "delete_request": "Delete request",
  "enter_your_code": "Enter your verification code",
  "enter_your_password": "Enter your password",
  "we_sent_you_the_code": "We sent you the code to",
  "resend_the_code": "Resend the code",
  "full_name": "Triple Name",
  "type_your_name": "Please type Your triple name in Arabic language....",
  "next": "Next",
  "welcome": "Welcome {model}",
  "last_transactions": "Last Transactions",
  "last_transfer": "Last Transfer",
  "no_transactions_yet": "No transactions yet",
  "no_transfer_yet": "No transfer yet",
  "scheduled": "Scheduled",
  "canceled": "Canceled",
  "paid": "Paid",
  "settled": "Settled",

  "pending": "Pending",
  "expired": "Expired",
  "transactions": "Transactions",
  "profile": "Profile",
  "add_payment_request": "Add payment Request",
  "update_payment_request": "Update payment request",
  "payer_name": "Payer Name",
  "type_customer_name": "Type the customer name",
  "payment_amount": "Payment amount",
  "transfer_value": "Transfer value",
  "transfer_values": "Transfer values",
  "note": "Note",
  "type_here": "Type Here....",
  "currency": "SP",
  "amount": "Amount",
  "fees": "Fees",
  "total_amount": "Total amount",
  "last_updated": "Last updated at {model}",
  "request_now": "Request Now",
  "update_request": "Update request",
  "schedule_request": "Schedule Request",
  "update_schedule_request": "Update schedule Request",
  "request": "Request",
  "now": "Now",
  "schedule": "Schedule",
  "send": "Send",
  "add_bank_account": "Add Bank Account",
  "bank_name": "Bank Name",
  "bank_name_customer": "Bank Name",
  "account_number": "Account Number",
  "account_number_customer": "Account Number",
  "confirm_account_number": "Confirm Account Number",
  "back_account_number_does_not_match": "Bank account number doesn't match",
  "password": "Password",
  "login_by": "or login by",
  "security": "Payment info secure & encrypted.",
  "amount_invalid": "The amount must be between 50,000 and 25 million per transaction.",
  "forget_password": "If you forget password",
  "welcome_q_pay": "Welcome in Q-Pay",
  "confirm_password": "Confirm password",
  "password_does_not_match": "Password doesn't match",
  "password_short": "Password should be equal or more than 8",
  "add_account": "Add Account",
  "settings": "Settings",
  "language": "Language",
  "en": "English",
  "ar": "Arabic",
  "notification_settings": "Notification Settings",
  "mute_notifications": "Mute Notifications",
  "about_Q_pay": "Usage Policy",
  "about_body": "Lorem Ipsum is simply dummy text of the printig and more \ntypeseting Lorem Ipsum is simply dummy text the printing and typesetting",
  "contact_us": "Contact us",
  "edit_profile": "Edit profile",
  "save": "Save",
  "logout": "Logout",
  "notification": "Notification",
  "details": "Details",
  "payee_name": "Payee Name",
  "pay": "Pay",
  "created_at": "Created At",
  "pick_payment_expiry_date_time": "Pick payment expiry date",
  "pick_payment_scheduled_date_time": "Schedule payment",
  "confirm": "Confirm",
  "transaction_details": "Transaction Details",
  "transfer_details": "Transfer Details",
  "paid_to": "Paid to",
  "status": "Status",
  "notifications": "Notifications",
  "today": "Today",
  "yesterday": "Yesterday",
  "last_week": "Last Week",
  "last_month": "Last Month",
  "excel_file_downloaded": "Excel File Downloaded in:",
  "issue_occurred_while_downloading": "Issue occurred while downloading, Try Again",
  "pick_expiry_date": "Pick expiry date",
  "expiry_date": "Expiry Date",
  "schedule_date": "Schedule date",
  "Powered_by": "By",
  "payment_details": "Payment Details",
  "adjust_profile_image": "Adjust Profile Image",
  "pick_image": "Pick Image",
  "reset": "Reset",
  "are_you_sure_you_want_to_delete_this_transaction": "Are you sure you want to delete the transaction {model}?",
  "yes": "Yes",
  "cancel": "Cancel",
  "filter": "Filter",
  "address": "Governorate",
  "email": "Email",
  "enter_your_email": "Enter your email",
  "update": "Update",
  "open": "Open",
  "sp": "SYP",
  "fake_currency": "AED",
  "mobile_number_invalid": "Mobile Number Invalid",
  "optional": "Optional",
  "code_resent": "Code Resent",
  "we_are_pleased_share_invoice": "We're Pleased to share the invoice link below",
  "paid_amount": "Collected transactions value",
  "pending_amount": "Requested transactions value",
  "add_payment": "Add Payment request",
  "add_transfer_request": "Add Transfer request",
  "reorder": "Reorder",
  "privacy_policy1": "I agree to the ",
  "privacy_policy2": "Privacy policy",
  "name_empty": "The name can't be empty",
  "name_invalid": "The name should only contain Arabic letters.",
  "name_length": "The name should be equal or  more than 5 letters.",
  "number_invalid": "Please enter numbers only.",
  "account_number_length": "Please enter a number between 5 and 30 digits.",
  "login_message_password": "If you already have an account, please enter your password",
  "about_Q-pay":"\nشروط استخدام Q-PAY\n\n\nمرحباً بك في \"Q-pay\" هذه الصفحة تتضمن شروط استخدام الخدمة. يرجى قراءة هذه الشروط بعناية قبل تفعيل حسابك.\nإذا كان لديك أي أسئلة تتعلق بهذه الشروط، يرجى الاتصال بنا على الرقم :0112224101 قبل تفعيل الحساب.\nهذه الشروط تساعدك على معرفة حقوقك عند استخدامك لخدماتنا.\nعند إنشاء حساب \"َ Q-PAY\" الخاص بك، فإنك تؤكد بأنك تقبل بهذه الشروط.\n\n1.\tمن نحن\nشركة بيك أند كليك المحدودة المسؤولية وهي شركة دفع إلكتروني مرخصة من قبل مصرف سورية المركزي وتعمل بإشرافه، ومسجلة في سجل شركات الدفع الإلكتروني تحت الرقم 8 و هي الشركة المالكة  لتطبيق Q-PAY\nيمكنك التواصل بنا:\n عبر البريد الإلكتروني على العنوان التالي:  info@piknclk.com \n عبر الهاتف على الرقم  : 0112224101\n\n2.\tهدفنا:\nهدفنا هو تقديم تجربة مميزة، سهلة وآمنة، وذلك عبر ربطك بزبائنك. يعمل \" Q-PAY\" كوسيط نيابة عن المستخدم، لتحصيل المطالبات المالية للمستخدمين من زبائنهم وتمكين المستخدمين من تقديم خدمة شحن الحسابات البنكية لزبائنهم وإدارة العلاقة مع  المستخدمين والزبائن والبنوك  ، وذلك من خلال متابعة عملية الطلب دفع/شحن مع البنك وما بعدها كما سيتوضح في توصيف عمل التطبيق فيما يلي.\n\n3.\t حسابك:\nقبل أن تتمكن من إرسال الطلبات الى زبائنك وتحصيل المبالغ منهم، تحتاج إلى إنشاء حساب \" Q-PAY\" من خلال رقم هاتفك الجوال والذي يجب أن يكون هو نفس رقم الهاتف الجوال المرتبط بحسابك البنكي.\nيمكنك إلغاء تنشيط  حسابك في أي وقت عن طريق حذف التطبيق من هاتفك ويمكن حذف الحساب من خلال التواصل معنا بشرط الا يكون هناك دفعات قائمة أو قيد المعالجة\nيحق لنا حجب وصولك إلى حسابك أو إغلاقه إذا تم استخدام التطبيق بشكل سيئ، على سبيل المثال (تكرار رسائل لغير الزبائن الخاصين بك، تقديم شكاوى محقّة متكررة ، التشهير بسمعة الشركة دون وجه حق، أي سبب وجيه آخر, التأخر في سداد المستحقات المتعلقة بخدمة الشحن) علماً أن ذلك لن يؤثر على أي حقوق مالية تخصكم تم تنفيذها او تحصيلها عن طريقQ-PAY.\n\n\n\n\nتوصيف عمل Q-PAY\nهو تطبيق دفع الكتروني يعمل على أجهزة الهاتف المحمول والأجهزة اللوحية وأجهزة الكمبيوترويوفر للمستخدم(الطرف الطالب للدفعة) وسيلة للمطالبة بمستحقاته المالية من زبونه (الطرف الدافع) من خلال استخدام بطاقاتهم أو حساباتهم البنكية على بوابة الدفع الخاصة بشركة بيك أند كليك كما يمكن المستخدمين من تقديم خدمة شحن حساب بنكي شخصي لزبائنهم\nيستهدف تطبيق (Q-PAY)  أي  شخص يملك عمل تجاري أو أي شخص لديه مستحقات مالية على شخص آخر\nيقوم المستخدم (الطرف الطالب للدفعة) بإنشاء حساب له على التطبيق وبمجرد إكمال خطوات إنشاء الحساب سيتمكن المستخدم من الحصول على واجهة تحكم تظهر تفاصيل حسابه والطلبات التي قام بإرسالها وحالة هذه الطلبات كما ستظهر المبالغ المطالبة المسددة والتي لم تسدد بعد\n\n\nيتمتع هذا التطبيق ببنية تسمح له بتنفيذ مجموعة من الخدمات للتجار:\n\uF0FD\tارسال مطالبات الدفع عن طريق رسالة نصية وتحصيلها في حساب المستخدم البنكي Payment Request.\n\uF0FD\tخدمة شحن حساب شخصي بنكي لزبائن المستخدم  Top up my account\n\nأولا: خدمة طلبات الدفع:\nيمكن للمستخدم إنشاء طلب دفع من خلال التطبيق , أو البرنامج و ممكن أن يكون طلب دفع فردي لزبون واحد  أو طلب جماعي لمجموعة من الزبائن من خلال تحميل ملف المطالبات \nويدخل تفاصيل طلب الدفع الخاص به يجب أن يحتوي طلب الدفع على هذه التفاصيل كحقول إلزامية:\n•\tاسم الزبون / الدافع\n•\tرقم هاتف الزبون / الدافع\n•\tمبلغ الدفعة المطالبة\n•\tتفاصيل الدفع\nويمكن له إضافة حقل تاريخ انتهاء صلاحية طلب الدفع بحيث يتم حذف الطلب إذا لم يثبّت الطرف الدافع الدفعة خلال فترة الصلاحية المحددة\nيمكن للمستخدم  إرسال طلب الدفع فورا أو جدولة الإرسال في وقت لاحق\nعند الانتهاء من إدخال البيانات، سيتم ارسال الطلب عن طريق رسائل القصيرة إلى رقم هاتف الدافع المذكور في \nطلب الدفع، يتضمن رابط (URL) يتمكن الدافع من الضغط عليه لإكمال عملية الدفع أو إلغاءها\nكما يمكن للمستخدم  مشاركة الرابط عبر وسائل التواصل الاجتماعي مع زبونه.\n\n•\tبعد إستلام الزبون الرسالة التي تتضمن رابط طلب الدفع من المستخدم يقوم بفتح الرابط من خلال المتصفح فتظهر صفحة ويب تحتوي تفاصيل المعاملة التي اتفق عليها مع المستخدم مرسل الطلب\n•\tيقوم الزبون بالتحقق من صحة تفاصيل الحركة ثم ينقر على زر الدفع الموجود أسفل الصفحة فيتم توجيهه الى بوابة الدفع الخاصة بشركة بيك أند كليك\n•\tلا يشترط ان يكون الدافع أحد زبائن Q-PAY\n•\tيقوم الزبون بإدخال معلومات البطاقة البنكية الخاصة به (رقم البطاقة وتاريخ انتهاء الصلاحية) ثم يقوم بطلب كلمة مرور لمرة واحدة OTP\n•\tيرسل بنك الزبون كلمة مرور لمرة واحدة (OTP) إلى رقم هاتف الزبون المقترن برقم البطاقة الذي تم إدخاله.\n•\tيقوم الزبون بإدخال كلمة المرور ثم ينقر فوق \"الدفع الآن\".\n•\tيقوم محول بيك اند كليك بتحويل طلب الدفع إلى بنك الزبون.\n•\tيقوم البنك بالتحقق من حالة حساب حامل البطاقة ورصيدها \n•\tإذا كانت المعاملة قابلة للتنفيذ، يرسل البنك رسالة إلى حامل البطاقة يبلغه فيها بنجاح العملية\n•\tيتم إشعار المستخدم بحالة العملية على التطبيق ويتم تغيير حالة الدفعة المطالبة الى مدفوعة\n\n\n\nثانيا: خدمة شحن حساب بنكي:\n\nسيقدم المستخدم  خدمة شحن حساب بنكي لزبائنه عبر  Q-Pay، على أن يدفع المستخدم المبالغ المستحقة على زبائنه إلى\n Q-Pay نقدا في الحساب البنكي لعمليات Top UP الخاص ب Q-pay و العائد لشركة بيك اند كليك، بحيث تكون عمليات شحن الحساب البنكي النقدية مستقلة عن حركات الدفع الأخرى، أي يخصص حساب بنكي مستقل للإيداع النقدي للمبالغ المقبوضة (من الزبائن عن طريق مستخدمي التطبيق) ويتم التحويل منه إلى الحسابات البنكية للزبائن (طالبي الشحن) ، حيث يقوم المستخدم:\n1.\tتسجيل طلب شحن رصيد\n-\tوهي خدمة تسجيل طلب شحن حساب بنكي، يقوم من خلاله المستخدم بتحديد:\n\uF0FC\tالمبلغ المراد شحنه \n\uF0FC\tحساب الزبون المطلوب شحنه\n\uF0FC\tرقم موبايل الزبون والمسجل في البنك\n-\tيقوم Q-Pay بحفظ معلومات الطلب المرتبط برقم موبايل الزبون \n-\tيقوم بإعطاء \"رقم طلب\" وإعادته للمستخدم\n2.\tتنفيذ طلب الشحن\n-\tيقوم المستخدم عند قبض المبلغ من زبونه بطلب تنفيذ الخدمة من Q-Pay\n-\tفي المرات القادمة يمكن للمستخدم  طلب شحن الرصيد باستخدام رقم موبايل الزبون فقط\n\n\nحقوق المستخدم ومسؤولياته\nيحق للمستخدم استخدام التطبيق مجانا بما لا يخالف الأنظمة والقوانين السارية في الجمهورية العربية السورية علما أنه قد يكون هناك عمولة على ( صاحب المطالبة و/ أو الدافع )عند تنفيذ حركات التحويل (طلب دفع/شحن رصيد)\nيحق للمستخدم الاطلاع على جميع العمليات التي قام بها ضمن التطبيق\nيحق للمستخدم حذف حسابه أو تعديله\nلا يحق للمستخدم استخدام التطبيق بأي حال من الأحوال أو خدمات التطبيق لأي غرض مسيء أو غير قانوني أو احتيالي أو إجرامي أو لارتكاب أفعال تؤدي للإساءة الى شخص سواء ماديا أو معنويا\nلا يجوز للمستخدم التنازل عن أي حق من حقوقه أو التزاماته لأي طرف أخر بأي شكل من الأشكال أو إجراء عمليات بالنيابة عن الغير \n\nالإجراءات التي تتخذها شركة بيك اند كليك في حال مخالفة المستخدم لسياسة الاستخدام\n\nيحق للشركة ايقاف خدمات Q-PAY عن المستخدم أو إلغاؤها\nيحق للشركة حظر حساب المستخدم أو تغريمه بالضرر الواقع\nيحق للشركة أو ممثليها اتخاذ كافة الإجراءات القانونية التي تراها الشركة مناسبة في حال استخدام  Q-PAYبشكل مسيء أو عند محاولة التشهير والتشويه لسمعة الشركة\nحقوق الجهة المسؤولة عن التطبيق وواجباتها (شركة بيك اند كليك)\n•\tتضمن الشركة توفير الخدمات للمستخدم في جميع الأوقات باستثناء أوقات المشاكل التقنية الخارجة عن سيطرة الشركة أو أثناء إجراء عمليات الصيانة الدورية ل Q-pay و/ أو  تحديث بنيته التحتية \n•\tيحق للشركة استخدام معلومات عن المستخدمين (وفق سياسة الخصوصية المعلنة) وذلك لإدارة حساب المستخدم وتنفيذ نشاط الشركة ومتابعة وضبط جودة الخدمة،  ورصد جودة وأمن الشبكة وتحليل استخدام المستخدم للخدمات وللأغراض التسويقية كما يحق لها التواصل مع المستخدم لأخذ معلومات إضافية أو تأكيد معلومة معينة\n•\tتضمن الشركة عدم ضياع أي معلومات أو تسريبها من خلال سياسات خصوصية وأمن المعلومات وخطة استمرارية العمل  وإجراءات تنفيذية تشمل تأمين وحماية العمليات الالكترونية للمستخدمين وحفظ وتخزين البيانات المرتبطة بنشاط ونظم المعلومات في الشركة وبيانات الزبائن ضد الإفصاح وسوء الاستخدام والتلف والفقدان والسرقة لاسيما في حال انقطاع الخدمة في اي مرحلة من مراحل العملية الالكترونية.\n•\tيحق للشركة فرض سقوف على المعاملات\n•\tإذا تمكن أحد من الحصول على شريحة الهاتف أو هاتف المستخدم المسجل على الحساب الخاص به أو الوصول إلى التطبيق دون إذن صاحب الحساب ستعتبر الشركة أن هذا الشخص هو المستخدم نفسه والمرخص له بإجراء كافة العمليات ما لم يتم إعلام الشركة بذلك وطلب تجميد الحساب.\n•\tيحق للشركة إضافة خدمات جديدة أو تعديل الخدمات الموجودة حاليا أو إلغاؤها\n•\tيحق للشركة رفض اي طلب إذا لم يتم استكمال جميع المعلومات اللازمة للطلب\n•\tيمكنك استخدام حسابك البنكي لدى أي بنك من المصارف العاملة في الجمهورية العربية السورية والمرتبطة بمحول بيك اند كليك او المحولات المرتبطة معها فق القوانين السارية في الجمهورية العربية السورية، وذلك لتحصيل مستحقاتك المالية من زبائنك\n•\tلا يمكن تعديل  طلب ( الدفع/الشحن) أو إلغائه بعد إرساله الى الزبون.\n•\tإن الجهة المسؤولة عن الحساب البنكي (أي البنك) هي المسؤولة عن إرسال إشعارات التسديد لك.\nتعديل سياسة الاستخدام:.\nيحق للشركة تعديل وتحديث سياسة الاستخدام في أي وقت على أن يتم اعتبارها سارية بعد الإعلان عنها ، وسيتم إبلاغ المستخدم بإشعار عند إجراء أي تغييرات أو تعديلات على هذه السياسة مع الانتباه الى أنه سيتم أيقاف الدخول الى Q-PAYالى أن تتم الموافقة على السياسة الجديدة\nالشكاوى والمقترحات:\nنحن دائماً نعمل على تقديم أفضل الخدمات وتطويرها، ولمساعدتنا يرجى في حال وجود أي شكوى أو مقترحات تتعلق بخدمتنا إعلامنا بها عبر وسائل الاتصال المذكورة أدناه لنستمر في تقديم الخدمة بأفضل جودة ممكنة.\nعبر الإيميل على العنوان التالي:  info@piknclk.com \n عبر الهاتف على الرقم  : 0112224101\n",
  "privacy_policy": "سياسة الخصوصية\n\n\nآخر تحديث:  1 تشرين الثاني 2023\n\nتصف سياسة الخصوصية هذه  سياساتنا وإجراءاتنا المتعلقة بجمع معلوماتك واستخدامها والكشف عنها عند إستخدام الخدمة  وتخبرك عن حقوق الخصوصية الخاصة بك وكيفية حماية القانون لك، سنقوم باستخدم بياناتك الشخصية لتوفير الخدمة وتحسينها، و باستخدامك الخدمة، توافق على جمع المعلومات واستخدامها وفقا لسياسة الخصوصية هذه\nتعاريف\nالشركة : شركة بيك أند كليك المحدودة المسؤولية  وهي شركة دفع إلكتروني مرخصة من قبل مصرف سورية المركزي وتعمل بإشرافه، ومسجلة في سجل شركات الدفع الإلكتروني تحت الرقم 8 \nالتطبيق :Q-Pay تطبيق دفع إلكتروني يعمل على أجهزة الهاتف المحمول والأجهزة اللوحية وأجهزة الكمبيوتر وهو قناة من قنوات الدفع الالكتروني المقدمة من شركة بيك أند كليك\n\nجمع البيانات واستخدامها\nأنواع البيانات المجمعة:\n1.\tالبيانات الشخصية\nعند استخدام خدمتنا، قد نطلب منكم تزويدنا بمعلومات تعريف شخصية معينة يمكن استخدامها للاتصال بك أو التعرف عليك. قد تتضمن المعلومات الشخصية التالية على سبيل المثال لا الحصر :\n\n•\tالاسم الأول واسم العائلة\n•\tرقم الهاتف المحمول و المستخدم في البنك الخاص بك و المرتبط بالتطبيق\n•\tأسم البنك الخاص  بك\n•\tرقم حسابك البنكي المراد ربطه بالتطبيق\n•\tالعنوان(المدينة)\n\n2.\tبيانات الاستخدام\n\nعند الوصول إلى خدماتنا، قد نجمع بعض المعلومات تلقائيا، بما في ذلك، على سبيل المثال لا الحصر نوع الجهاز الذي تستخدمه، والمعرف الفريد للجهاز ، وعنوان الانترنت (IP)، ونظام التشغيل الخاص بجهازك، وبيانات التشخيص الأخرى.\nعند قيامك بإنشاء طلب دفعة ل زبونك قد نجمع بعض المعلومات التي يتم إدخالها من قبلك مثل الأسم ، رقم الهاتف وقيمة الدفعة المطالبة الخاصة بالزبون.\n\n\n\nاستخدام بياناتك الشخصية\nيجوز للشركة استخدام البيانات الشخصية للأغراض التالية:\n•\tتقديم خدمتنا والمحافظة عليها، بما في ذلك مراقبة استعمال خدماتنا.\n•\tلإدارة حسابك: لإدارة التسجيل كمستخدم للخدمة. يمكن أن تمنحك البيانات الشخصية التي تقدمها إمكانية الوصول \nإلى وظائف مختلفة للخدمة متاحة لك كمستخدم مسجل.\n•\tللاتصال بك: للاتصال بك عن طريق المكالمات الهاتفية أو الرسائل القصيرة أو غيرها من وسائل الاتصال \nالإلكتروني، مثل اشعارات التطبيق الخاصة ب التحديثات أو الوظائف أو المنتجات أو الخدمات ، بما في ذلك تحديثات الأمان , على سبيل المثال لا الحصر \n•\tلتزويدك بالأخبار والعروض الخاصة والمعلومات العامة حول المنتجات والخدمات الأخرى التي نقدمها .\n•\tلأغراض أخرى: يمكننا إستخدام معلوماتك لأغراض أخرى، مثل تحليل البيانات وتحديد أتجاهات الاستخدام وتحديد فعالية    حملاتنا الترويجية وتقييم وتحسين خدماتنا ومنتجاتنا وذلك على سبيل المثال لا الحصر\nالاحتفاظ ببياناتك الشخصية\nستحتفظ الشركة بالبيانات الشخصية فقط طالما كان ذلك ضروريا للأغراض المحددة في سياسة الخصوصية هذه.ونستخدمها إلى الحد اللازم للامتثال لالتزاماتنا القانونية,  على سبيل المثال، إذا كان مطلوبا منا الاحتفاظ ببياناتكم للامتثال للقوانين السارية، وحل النزاعات، وفرض اتفاقاتنا وسياساتنا القانونية.\nكما ستحتفظ الشركة ببيانات الاستخدام لأغراض التحليل الداخلي.  ولتعزيز الأمان أو لتحسين جودة ونوعية خدماتنا أو عندما نكون ملزمون قانونا بالاحتفاظ بهذه البيانات لفترات زمنية محددة.\nنقل بياناتك الشخصية\nتتم معالجة معلوماتك، بما في ذلك البيانات الشخصية، في مكاتب تشغيل الشركة وفي  أماكن أخرى تتواجد فيها الأطراف المشاركة في \nالمعالجة كمحولات الدفع والبنوك .\nإن موافقتك على سياسة الخصوصية هذه متبوعة بتقديمك لهذه المعلومات تمثل موافقتك على هذا الإجراء.\nستتخذ الشركة جميع الخطوات الضرورية بشكل معقول لضمان التعامل مع بياناتك بشكل آمن ووفقًا لسياسة الخصوصية هذه ولن يتم نقل بياناتك الشخصية إلى طرف آخر ما لم تكن هناك ضوابط كافية مطبقة بما في ذلك أمان بياناتك والمعلومات الشخصية الأخرى.\nحذف بياناتك الشخصية\nلديك الحق في حذف أو طلب المساعدة في حذف البيانات الشخصية التي جمعناها عنك.\nقد تمنحك خدمتنا القدرة على حذف معلومات معينة عنك من داخل الخدمة.\nيمكنك تحديث معلوماتك أو تعديلها أو حذفها في أي وقت عن طريق تسجيل الدخول إلى حسابك، إذا كان لديك حساب، وزيارة قسم إعدادات الحساب الذي يسمح لك بإدارة معلوماتك الشخصية. يمكنك أيضًا الاتصال بنا لطلب الوصول إلى أو تصحيح أو حذف أي معلومات شخصية قدمتها لنا.\nومع ذلك، يرجى ملاحظة أننا قد نحتاج إلى الاحتفاظ بمعلومات معينة عندما يكون لدينا التزام قانوني أو أساس قانوني للقيام بذلك.\n\n\n\nالكشف عن بياناتك الشخصية\n\nتطبيق القانون\nفي ظل ظروف معينة، قد يُطلب من الشركة الكشف عن بياناتك الشخصية إذا كان ذلك مطلوبًا بموجب القانون أو استجابة لطلبات من المحكمة أو غيرها من الجهات المعنية والإدارات الحكومية.\nالمتطلبات القانونية الأخرى\nيجوز للشركة الكشف عن بياناتك الشخصية بحسن نية عندما يكون ذلك ضروري من أجل:\n•\tالامتثال لالتزام قانوني\n•\tحماية والدفاع عن حقوق أو ممتلكات الشركة\n•\tمنع مخالفة محتملة، أو التحقيق في أي مخالفات محتملة فيما يتعلق بالخدمة\n•\tحماية السلامة الشخصية لمستخدمي الخدمة أو الجمهور\n•\tالحماية من المسؤولية القانونية\n\nأمان بياناتك الشخصية\nأمن بياناتك الشخصية مهم بالنسبة لنا، ولكن تذكر أنه لا توجد طريقة للبث عبر الإنترنت، أو طريقة للتخزين الإلكتروني آمنة \nبنسبة 100% علماً أننا سنسعى إلى إستخدام أفضل الجهود لحماية بياناتك الشخصية، إلا أنه لا يمكننا ضمان أمنها المطلق.\n\nتغييرات  سياسة الخصوصية هذه \nقد نقوم بتحديث سياسة الخصوصية من وقت لآخر. سيتم إعلامك بأي تغييرات من خلال نشر \"سياسة الخصوصية\" الجديدة على هذه الصفحة.\nسنعلمك بذلك عبر  إشعار بارز على \"التطبيق\"، قبل أن يصبح التغيير نافذا وتحديث تاريخ \"آخر تحديث\" في أعلى سياسة الخصوصية \nهذه.\nعلماً أن أية تغييرات يتم إجراؤها على سياسة الخصوصية هذه تدخل حيز التنفيذ بعد نشرها على هذه الصفحة.\n\nإذا كانت لديك أي استفسارات أو أسئلة حول سياسة الخصوصية هذه، يمكنك الاتصال بنا:\n•\tعبر البريد الإلكتروني info@piknclk.com  \n•\tعبر رقم الهاتف:0112224101\t\n\n",
  "about_Q-pay_fake":"\nشروط استخدام Q-PAY\n\n\nمرحباً بك في \"Q-pay\" هذه الصفحة تتضمن شروط استخدام الخدمة. يرجى قراءة هذه الشروط بعناية قبل تفعيل حسابك.\nإذا كان لديك أي أسئلة تتعلق بهذه الشروط، يرجى الاتصال بنا على الرقم :0112224101 قبل تفعيل الحساب.\nهذه الشروط تساعدك على معرفة حقوقك عند استخدامك لخدماتنا.\nعند إنشاء حساب \"َ Q-PAY\" الخاص بك، فإنك تؤكد بأنك تقبل بهذه الشروط.\n\n1.\tمن نحن\nشركة بيك أند كليك المحدودة المسؤولية وهي شركة دفع إلكتروني مرخصة من قبل مصرف الامارات المركزي وتعمل بإشرافه، ومسجلة في سجل شركات الدفع الإلكتروني تحت الرقم 8 و هي الشركة المالكة  لتطبيق Q-PAY\nيمكنك التواصل بنا:\n عبر البريد الإلكتروني على العنوان التالي:  info@piknclk.com \n عبر الهاتف على الرقم  : 0112224101\n\n2.\tهدفنا:\nهدفنا هو تقديم تجربة مميزة، سهلة وآمنة، وذلك عبر ربطك بزبائنك. يعمل \" Q-PAY\" كوسيط نيابة عن المستخدم، لتحصيل المطالبات المالية للمستخدمين من زبائنهم وتمكين المستخدمين من تقديم خدمة شحن الحسابات البنكية لزبائنهم وإدارة العلاقة مع  المستخدمين والزبائن والبنوك  ، وذلك من خلال متابعة عملية الطلب دفع/شحن مع البنك وما بعدها كما سيتوضح في توصيف عمل التطبيق فيما يلي.\n\n3.\t حسابك:\nقبل أن تتمكن من إرسال الطلبات الى زبائنك وتحصيل المبالغ منهم، تحتاج إلى إنشاء حساب \" Q-PAY\" من خلال رقم هاتفك الجوال والذي يجب أن يكون هو نفس رقم الهاتف الجوال المرتبط بحسابك البنكي.\nيمكنك إلغاء تنشيط  حسابك في أي وقت عن طريق حذف التطبيق من هاتفك ويمكن حذف الحساب من خلال التواصل معنا بشرط الا يكون هناك دفعات قائمة أو قيد المعالجة\nيحق لنا حجب وصولك إلى حسابك أو إغلاقه إذا تم استخدام التطبيق بشكل سيئ، على سبيل المثال (تكرار رسائل لغير الزبائن الخاصين بك، تقديم شكاوى محقّة متكررة ، التشهير بسمعة الشركة دون وجه حق، أي سبب وجيه آخر, التأخر في سداد المستحقات المتعلقة بخدمة الشحن) علماً أن ذلك لن يؤثر على أي حقوق مالية تخصكم تم تنفيذها او تحصيلها عن طريقQ-PAY.\n\n\n\n\nتوصيف عمل Q-PAY\nهو تطبيق دفع الكتروني يعمل على أجهزة الهاتف المحمول والأجهزة اللوحية وأجهزة الكمبيوترويوفر للمستخدم(الطرف الطالب للدفعة) وسيلة للمطالبة بمستحقاته المالية من زبونه (الطرف الدافع) من خلال استخدام بطاقاتهم أو حساباتهم البنكية على بوابة الدفع الخاصة بشركة بيك أند كليك كما يمكن المستخدمين من تقديم خدمة شحن حساب بنكي شخصي لزبائنهم\nيستهدف تطبيق (Q-PAY)  أي  شخص يملك عمل تجاري أو أي شخص لديه مستحقات مالية على شخص آخر\nيقوم المستخدم (الطرف الطالب للدفعة) بإنشاء حساب له على التطبيق وبمجرد إكمال خطوات إنشاء الحساب سيتمكن المستخدم من الحصول على واجهة تحكم تظهر تفاصيل حسابه والطلبات التي قام بإرسالها وحالة هذه الطلبات كما ستظهر المبالغ المطالبة المسددة والتي لم تسدد بعد\n\n\nيتمتع هذا التطبيق ببنية تسمح له بتنفيذ مجموعة من الخدمات للتجار:\n\uF0FD\tارسال مطالبات الدفع عن طريق رسالة نصية وتحصيلها في حساب المستخدم البنكي Payment Request.\n\uF0FD\tخدمة شحن حساب شخصي بنكي لزبائن المستخدم  Top up my account\n\nأولا: خدمة طلبات الدفع:\nيمكن للمستخدم إنشاء طلب دفع من خلال التطبيق , أو البرنامج و ممكن أن يكون طلب دفع فردي لزبون واحد  أو طلب جماعي لمجموعة من الزبائن من خلال تحميل ملف المطالبات \nويدخل تفاصيل طلب الدفع الخاص به يجب أن يحتوي طلب الدفع على هذه التفاصيل كحقول إلزامية:\n•\tاسم الزبون / الدافع\n•\tرقم هاتف الزبون / الدافع\n•\tمبلغ الدفعة المطالبة\n•\tتفاصيل الدفع\nويمكن له إضافة حقل تاريخ انتهاء صلاحية طلب الدفع بحيث يتم حذف الطلب إذا لم يثبّت الطرف الدافع الدفعة خلال فترة الصلاحية المحددة\nيمكن للمستخدم  إرسال طلب الدفع فورا أو جدولة الإرسال في وقت لاحق\nعند الانتهاء من إدخال البيانات، سيتم ارسال الطلب عن طريق رسائل القصيرة إلى رقم هاتف الدافع المذكور في \nطلب الدفع، يتضمن رابط (URL) يتمكن الدافع من الضغط عليه لإكمال عملية الدفع أو إلغاءها\nكما يمكن للمستخدم  مشاركة الرابط عبر وسائل التواصل الاجتماعي مع زبونه.\n\n•\tبعد إستلام الزبون الرسالة التي تتضمن رابط طلب الدفع من المستخدم يقوم بفتح الرابط من خلال المتصفح فتظهر صفحة ويب تحتوي تفاصيل المعاملة التي اتفق عليها مع المستخدم مرسل الطلب\n•\tيقوم الزبون بالتحقق من صحة تفاصيل الحركة ثم ينقر على زر الدفع الموجود أسفل الصفحة فيتم توجيهه الى بوابة الدفع الخاصة بشركة بيك أند كليك\n•\tلا يشترط ان يكون الدافع أحد زبائن Q-PAY\n•\tيقوم الزبون بإدخال معلومات البطاقة البنكية الخاصة به (رقم البطاقة وتاريخ انتهاء الصلاحية) ثم يقوم بطلب كلمة مرور لمرة واحدة OTP\n•\tيرسل بنك الزبون كلمة مرور لمرة واحدة (OTP) إلى رقم هاتف الزبون المقترن برقم البطاقة الذي تم إدخاله.\n•\tيقوم الزبون بإدخال كلمة المرور ثم ينقر فوق \"الدفع الآن\".\n•\tيقوم محول بيك اند كليك بتحويل طلب الدفع إلى بنك الزبون.\n•\tيقوم البنك بالتحقق من حالة حساب حامل البطاقة ورصيدها \n•\tإذا كانت المعاملة قابلة للتنفيذ، يرسل البنك رسالة إلى حامل البطاقة يبلغه فيها بنجاح العملية\n•\tيتم إشعار المستخدم بحالة العملية على التطبيق ويتم تغيير حالة الدفعة المطالبة الى مدفوعة\n\n\n\nثانيا: خدمة شحن حساب بنكي:\n\nسيقدم المستخدم  خدمة شحن حساب بنكي لزبائنه عبر  Q-Pay، على أن يدفع المستخدم المبالغ المستحقة على زبائنه إلى\n Q-Pay نقدا في الحساب البنكي لعمليات Top UP الخاص ب Q-pay و العائد لشركة بيك اند كليك، بحيث تكون عمليات شحن الحساب البنكي النقدية مستقلة عن حركات الدفع الأخرى، أي يخصص حساب بنكي مستقل للإيداع النقدي للمبالغ المقبوضة (من الزبائن عن طريق مستخدمي التطبيق) ويتم التحويل منه إلى الحسابات البنكية للزبائن (طالبي الشحن) ، حيث يقوم المستخدم:\n1.\tتسجيل طلب شحن رصيد\n-\tوهي خدمة تسجيل طلب شحن حساب بنكي، يقوم من خلاله المستخدم بتحديد:\n\uF0FC\tالمبلغ المراد شحنه \n\uF0FC\tحساب الزبون المطلوب شحنه\n\uF0FC\tرقم موبايل الزبون والمسجل في البنك\n-\tيقوم Q-Pay بحفظ معلومات الطلب المرتبط برقم موبايل الزبون \n-\tيقوم بإعطاء \"رقم طلب\" وإعادته للمستخدم\n2.\tتنفيذ طلب الشحن\n-\tيقوم المستخدم عند قبض المبلغ من زبونه بطلب تنفيذ الخدمة من Q-Pay\n-\tفي المرات القادمة يمكن للمستخدم  طلب شحن الرصيد باستخدام رقم موبايل الزبون فقط\n\n\nحقوق المستخدم ومسؤولياته\nيحق للمستخدم استخدام التطبيق مجانا بما لا يخالف الأنظمة والقوانين السارية في الامارات علما أنه قد يكون هناك عمولة على ( صاحب المطالبة و/ أو الدافع )عند تنفيذ حركات التحويل (طلب دفع/شحن رصيد)\nيحق للمستخدم الاطلاع على جميع العمليات التي قام بها ضمن التطبيق\nيحق للمستخدم حذف حسابه أو تعديله\nلا يحق للمستخدم استخدام التطبيق بأي حال من الأحوال أو خدمات التطبيق لأي غرض مسيء أو غير قانوني أو احتيالي أو إجرامي أو لارتكاب أفعال تؤدي للإساءة الى شخص سواء ماديا أو معنويا\nلا يجوز للمستخدم التنازل عن أي حق من حقوقه أو التزاماته لأي طرف أخر بأي شكل من الأشكال أو إجراء عمليات بالنيابة عن الغير \n\nالإجراءات التي تتخذها شركة بيك اند كليك في حال مخالفة المستخدم لسياسة الاستخدام\n\nيحق للشركة ايقاف خدمات Q-PAY عن المستخدم أو إلغاؤها\nيحق للشركة حظر حساب المستخدم أو تغريمه بالضرر الواقع\nيحق للشركة أو ممثليها اتخاذ كافة الإجراءات القانونية التي تراها الشركة مناسبة في حال استخدام  Q-PAYبشكل مسيء أو عند محاولة التشهير والتشويه لسمعة الشركة\nحقوق الجهة المسؤولة عن التطبيق وواجباتها (شركة بيك اند كليك)\n•\tتضمن الشركة توفير الخدمات للمستخدم في جميع الأوقات باستثناء أوقات المشاكل التقنية الخارجة عن سيطرة الشركة أو أثناء إجراء عمليات الصيانة الدورية ل Q-pay و/ أو  تحديث بنيته التحتية \n•\tيحق للشركة استخدام معلومات عن المستخدمين (وفق سياسة الخصوصية المعلنة) وذلك لإدارة حساب المستخدم وتنفيذ نشاط الشركة ومتابعة وضبط جودة الخدمة،  ورصد جودة وأمن الشبكة وتحليل استخدام المستخدم للخدمات وللأغراض التسويقية كما يحق لها التواصل مع المستخدم لأخذ معلومات إضافية أو تأكيد معلومة معينة\n•\tتضمن الشركة عدم ضياع أي معلومات أو تسريبها من خلال سياسات خصوصية وأمن المعلومات وخطة استمرارية العمل  وإجراءات تنفيذية تشمل تأمين وحماية العمليات الالكترونية للمستخدمين وحفظ وتخزين البيانات المرتبطة بنشاط ونظم المعلومات في الشركة وبيانات الزبائن ضد الإفصاح وسوء الاستخدام والتلف والفقدان والسرقة لاسيما في حال انقطاع الخدمة في اي مرحلة من مراحل العملية الالكترونية.\n•\tيحق للشركة فرض سقوف على المعاملات\n•\tإذا تمكن أحد من الحصول على شريحة الهاتف أو هاتف المستخدم المسجل على الحساب الخاص به أو الوصول إلى التطبيق دون إذن صاحب الحساب ستعتبر الشركة أن هذا الشخص هو المستخدم نفسه والمرخص له بإجراء كافة العمليات ما لم يتم إعلام الشركة بذلك وطلب تجميد الحساب.\n•\tيحق للشركة إضافة خدمات جديدة أو تعديل الخدمات الموجودة حاليا أو إلغاؤها\n•\tيحق للشركة رفض اي طلب إذا لم يتم استكمال جميع المعلومات اللازمة للطلب\n•\tيمكنك استخدام حسابك البنكي لدى أي بنك من المصارف العاملة في الامارات والمرتبطة بمحول بيك اند كليك او المحولات المرتبطة معها فق القوانين السارية في الامارات، وذلك لتحصيل مستحقاتك المالية من زبائنك\n•\tلا يمكن تعديل  طلب ( الدفع/الشحن) أو إلغائه بعد إرساله الى الزبون.\n•\tإن الجهة المسؤولة عن الحساب البنكي (أي البنك) هي المسؤولة عن إرسال إشعارات التسديد لك.\nتعديل سياسة الاستخدام:.\nيحق للشركة تعديل وتحديث سياسة الاستخدام في أي وقت على أن يتم اعتبارها سارية بعد الإعلان عنها ، وسيتم إبلاغ المستخدم بإشعار عند إجراء أي تغييرات أو تعديلات على هذه السياسة مع الانتباه الى أنه سيتم أيقاف الدخول الى Q-PAYالى أن تتم الموافقة على السياسة الجديدة\nالشكاوى والمقترحات:\nنحن دائماً نعمل على تقديم أفضل الخدمات وتطويرها، ولمساعدتنا يرجى في حال وجود أي شكوى أو مقترحات تتعلق بخدمتنا إعلامنا بها عبر وسائل الاتصال المذكورة أدناه لنستمر في تقديم الخدمة بأفضل جودة ممكنة.\nعبر الإيميل على العنوان التالي:  info@piknclk.com \n عبر الهاتف على الرقم  : 0112224101\n",
  "privacy_policy_fake": "سياسة الخصوصية\n\n\nآخر تحديث:  1 تشرين الثاني 2023\n\nتصف سياسة الخصوصية هذه  سياساتنا وإجراءاتنا المتعلقة بجمع معلوماتك واستخدامها والكشف عنها عند إستخدام الخدمة  وتخبرك عن حقوق الخصوصية الخاصة بك وكيفية حماية القانون لك، سنقوم باستخدم بياناتك الشخصية لتوفير الخدمة وتحسينها، و باستخدامك الخدمة، توافق على جمع المعلومات واستخدامها وفقا لسياسة الخصوصية هذه\nتعاريف\nالشركة : شركة بيك أند كليك المحدودة المسؤولية  وهي شركة دفع إلكتروني مرخصة من قبل مصرف الامارات المركزي وتعمل بإشرافه، ومسجلة في سجل شركات الدفع الإلكتروني تحت الرقم 8 \nالتطبيق :Q-Pay تطبيق دفع إلكتروني يعمل على أجهزة الهاتف المحمول والأجهزة اللوحية وأجهزة الكمبيوتر وهو قناة من قنوات الدفع الالكتروني المقدمة من شركة بيك أند كليك\n\nجمع البيانات واستخدامها\nأنواع البيانات المجمعة:\n1.\tالبيانات الشخصية\nعند استخدام خدمتنا، قد نطلب منكم تزويدنا بمعلومات تعريف شخصية معينة يمكن استخدامها للاتصال بك أو التعرف عليك. قد تتضمن المعلومات الشخصية التالية على سبيل المثال لا الحصر :\n\n•\tالاسم الأول واسم العائلة\n•\tرقم الهاتف المحمول و المستخدم في البنك الخاص بك و المرتبط بالتطبيق\n•\tأسم البنك الخاص  بك\n•\tرقم حسابك البنكي المراد ربطه بالتطبيق\n•\tالعنوان(المدينة)\n\n2.\tبيانات الاستخدام\n\nعند الوصول إلى خدماتنا، قد نجمع بعض المعلومات تلقائيا، بما في ذلك، على سبيل المثال لا الحصر نوع الجهاز الذي تستخدمه، والمعرف الفريد للجهاز ، وعنوان الانترنت (IP)، ونظام التشغيل الخاص بجهازك، وبيانات التشخيص الأخرى.\nعند قيامك بإنشاء طلب دفعة ل زبونك قد نجمع بعض المعلومات التي يتم إدخالها من قبلك مثل الأسم ، رقم الهاتف وقيمة الدفعة المطالبة الخاصة بالزبون.\n\n\n\nاستخدام بياناتك الشخصية\nيجوز للشركة استخدام البيانات الشخصية للأغراض التالية:\n•\tتقديم خدمتنا والمحافظة عليها، بما في ذلك مراقبة استعمال خدماتنا.\n•\tلإدارة حسابك: لإدارة التسجيل كمستخدم للخدمة. يمكن أن تمنحك البيانات الشخصية التي تقدمها إمكانية الوصول \nإلى وظائف مختلفة للخدمة متاحة لك كمستخدم مسجل.\n•\tللاتصال بك: للاتصال بك عن طريق المكالمات الهاتفية أو الرسائل القصيرة أو غيرها من وسائل الاتصال \nالإلكتروني، مثل اشعارات التطبيق الخاصة ب التحديثات أو الوظائف أو المنتجات أو الخدمات ، بما في ذلك تحديثات الأمان , على سبيل المثال لا الحصر \n•\tلتزويدك بالأخبار والعروض الخاصة والمعلومات العامة حول المنتجات والخدمات الأخرى التي نقدمها .\n•\tلأغراض أخرى: يمكننا إستخدام معلوماتك لأغراض أخرى، مثل تحليل البيانات وتحديد أتجاهات الاستخدام وتحديد فعالية    حملاتنا الترويجية وتقييم وتحسين خدماتنا ومنتجاتنا وذلك على سبيل المثال لا الحصر\nالاحتفاظ ببياناتك الشخصية\nستحتفظ الشركة بالبيانات الشخصية فقط طالما كان ذلك ضروريا للأغراض المحددة في سياسة الخصوصية هذه.ونستخدمها إلى الحد اللازم للامتثال لالتزاماتنا القانونية,  على سبيل المثال، إذا كان مطلوبا منا الاحتفاظ ببياناتكم للامتثال للقوانين السارية، وحل النزاعات، وفرض اتفاقاتنا وسياساتنا القانونية.\nكما ستحتفظ الشركة ببيانات الاستخدام لأغراض التحليل الداخلي.  ولتعزيز الأمان أو لتحسين جودة ونوعية خدماتنا أو عندما نكون ملزمون قانونا بالاحتفاظ بهذه البيانات لفترات زمنية محددة.\nنقل بياناتك الشخصية\nتتم معالجة معلوماتك، بما في ذلك البيانات الشخصية، في مكاتب تشغيل الشركة وفي  أماكن أخرى تتواجد فيها الأطراف المشاركة في \nالمعالجة كمحولات الدفع والبنوك .\nإن موافقتك على سياسة الخصوصية هذه متبوعة بتقديمك لهذه المعلومات تمثل موافقتك على هذا الإجراء.\nستتخذ الشركة جميع الخطوات الضرورية بشكل معقول لضمان التعامل مع بياناتك بشكل آمن ووفقًا لسياسة الخصوصية هذه ولن يتم نقل بياناتك الشخصية إلى طرف آخر ما لم تكن هناك ضوابط كافية مطبقة بما في ذلك أمان بياناتك والمعلومات الشخصية الأخرى.\nحذف بياناتك الشخصية\nلديك الحق في حذف أو طلب المساعدة في حذف البيانات الشخصية التي جمعناها عنك.\nقد تمنحك خدمتنا القدرة على حذف معلومات معينة عنك من داخل الخدمة.\nيمكنك تحديث معلوماتك أو تعديلها أو حذفها في أي وقت عن طريق تسجيل الدخول إلى حسابك، إذا كان لديك حساب، وزيارة قسم إعدادات الحساب الذي يسمح لك بإدارة معلوماتك الشخصية. يمكنك أيضًا الاتصال بنا لطلب الوصول إلى أو تصحيح أو حذف أي معلومات شخصية قدمتها لنا.\nومع ذلك، يرجى ملاحظة أننا قد نحتاج إلى الاحتفاظ بمعلومات معينة عندما يكون لدينا التزام قانوني أو أساس قانوني للقيام بذلك.\n\n\n\nالكشف عن بياناتك الشخصية\n\nتطبيق القانون\nفي ظل ظروف معينة، قد يُطلب من الشركة الكشف عن بياناتك الشخصية إذا كان ذلك مطلوبًا بموجب القانون أو استجابة لطلبات من المحكمة أو غيرها من الجهات المعنية والإدارات الحكومية.\nالمتطلبات القانونية الأخرى\nيجوز للشركة الكشف عن بياناتك الشخصية بحسن نية عندما يكون ذلك ضروري من أجل:\n•\tالامتثال لالتزام قانوني\n•\tحماية والدفاع عن حقوق أو ممتلكات الشركة\n•\tمنع مخالفة محتملة، أو التحقيق في أي مخالفات محتملة فيما يتعلق بالخدمة\n•\tحماية السلامة الشخصية لمستخدمي الخدمة أو الجمهور\n•\tالحماية من المسؤولية القانونية\n\nأمان بياناتك الشخصية\nأمن بياناتك الشخصية مهم بالنسبة لنا، ولكن تذكر أنه لا توجد طريقة للبث عبر الإنترنت، أو طريقة للتخزين الإلكتروني آمنة \nبنسبة 100% علماً أننا سنسعى إلى إستخدام أفضل الجهود لحماية بياناتك الشخصية، إلا أنه لا يمكننا ضمان أمنها المطلق.\n\nتغييرات  سياسة الخصوصية هذه \nقد نقوم بتحديث سياسة الخصوصية من وقت لآخر. سيتم إعلامك بأي تغييرات من خلال نشر \"سياسة الخصوصية\" الجديدة على هذه الصفحة.\nسنعلمك بذلك عبر  إشعار بارز على \"التطبيق\"، قبل أن يصبح التغيير نافذا وتحديث تاريخ \"آخر تحديث\" في أعلى سياسة الخصوصية \nهذه.\nعلماً أن أية تغييرات يتم إجراؤها على سياسة الخصوصية هذه تدخل حيز التنفيذ بعد نشرها على هذه الصفحة.\n\nإذا كانت لديك أي استفسارات أو أسئلة حول سياسة الخصوصية هذه، يمكنك الاتصال بنا:\n•\tعبر البريد الإلكتروني info@piknclk.com  \n•\tعبر رقم الهاتف:0112224101\t\n\n",
  "details_invalid": "Please clarify the reason for the payment",

  "agree":"I agree",
  "not_agree":"I don't agree",
  "storage_permission": "You need to accept the permission to be able to select profile picture",
  "storage_permission_forever": "You permanently denied the permission, you need to allow storage permission from app settings",
  "transaction_copied": "Transaction link copied to your clipboard",
  "version_number": "Version Number",
  "phone_invalid":"Please enter a mobile network number",
  "delete_account": "delete my account",
  "delete_account_confirmation": "are you sure you want to delete your account?\nAll your related data will be deleted",
  "name_not_triple": "please enter three words name",
  "password_hint": "The password must be at least 8 characters long\nand must contain at least one uppercase letter\none lowercase letter\nand at least one number.",
  "not_complete_name": "please enter the name with the family name"
}