{
  "message": "Welcome :user",
  "status": true,
  "data": {
    "user": {
      "id": 1,
      "full_name": "3123123",
      "active": 1,
      "phone": "+963993522958",
      "bank_id": 2,
      "bank_account_number": "123",
      "remember_token": null,
      "created_at": "2023-02-19T07:55:47.000000Z",
      "updated_at": "2023-02-19T08:53:29.000000Z",
      "access_token": "11|qSnQYaJLrMEi47qExqoJMmORs30UI5ZkfoIQvzsC",
      "bank": {
        "id": 2,
        "created_at": "2023-02-19T08:45:06.000000Z",
        "updated_at": "2023-02-19T08:45:06.000000Z",
        "name": "al baraka"
      }
    }
  },
  "status_code": 200
}