{
    "id": "69ae22be-d4a5-422f-a7cf-d6ddd65206d6",
    "type": "App\\Notifications\\UserNotification",
    "notifiable_type": "App\\Models\\User",
    "notifiable_id": 1,
    "data": "{\"title\":\"Payment With Invoice Num #1 Status has updated\",\"body\":\"Payment With Invoice Num #'.1.' Status has updated\",\"payload\":{\"payment_id\":1,\"image\":\"http:\\/\\/127.0.0.1:8000\\/images\\/notifications\\/default.png\"}}",
    "read_at": null,
    "created_at": "2023-02-20T09:16:52.000000Z",
    "updated_at": "2023-02-20T09:16:52.000000Z"
}