{
  "app_name": "Tahsaldar",
  "enter_your_name": "أدخل اسمك",
  "complete_your_info": "اكمل معلوماتك",
  "enter_the_same_mobile_number": "أدخل رقم هاتفك المستخدم بالبنك",
  "you_will_receive_otp": "سيصلك رمز للتحقق",
  "mobile_number": "رقم هاتف العميل",
  "enter_your_code": "أدخل رمز التحقق",
  "we_sent_you_the_code": "أرسلنا لك رمز التحقق عبر",
  "resend_the_code": "إعادة إرسال رمز التحقق",
  "full_name": "الاسم الكامل",
  "type_your_name": "أدخل اسمك",
  "next": "التالي",
  "welcome": "أهلا بك {model}",
  "last_transactions": "آخر المعاملات",
  "no_transactions_yet": "لا مطالبات حتى الآن",
  "scheduled": "مجدولة",
  "canceled": "ملغية",
  "paid": "مدفوعة",
  "pending": "بالانتظار",
  "expired": "منتهية الصلاحية",
  "transactions": "المعاملات",
  "profile": "الملف الشخصي",
  "add_payment_request": "إضافة طلب دفع",
  "payer_name": "اسم العميل",
  "type_customer_name": "أدخل اسم العميل",
  "payment_amount": "قيمة الدفعة المطالبة",
  "optional": "اختياري",
  "note": "ملاحظة",
  "type_here": "اكتب هنا",
  "syrian_pound": "ليرة سورية",
  "amount": "القيمة",
  "fees": "عمولة الدفعة المطالبة",
  "total_amount": "القيمة الإجمالية",
  "last_updated": "آخر تحديث في {model}",
  "request_now": "اطلب الآن",
  "schedule_request": "جدولة الطلب",
  "request": "الطلب",
  "now": "الآن",
  "schedule": "جدولة",
  "send": "إرسال",
  "add_bank_account": "إضافة حساب بنكي",
  "bank_name": "اسم البنك",
  "account_number": "رقم الحساب",
  "confirm_account_number": "تأكيد رقم الحساب",
  "back_account_number_does_not_match": "رقم الحساب غير متطابق",
  "password": "كلمة السر",
  "add_account": "إضافة حساب",
  "settings": "إعدادات",
  "language": "اللغات",
  "en": "انكليزية",
  "ar": "عربية",
  "notification_settings": "إعدادات الإشعارات",
  "mute_notifications": "كتم الإشعارات",
  "about_tahsaldar": "عن Tahsaldar",
  "about_body": "",
  "contact_us": "تواصل معنا",
  "edit_profile": "تعديل الحساب الشخصي",
  "save": "حفظ",
  "logout": "تسجيل الخروج",
  "notification": "الإشعارات",
  "details": "التفاصيل",
  "payee_name": "اسم المدفوع له",
  "pay": "دفع",
  "pick_payment_expiry_date_time": "اختر تاريخ انتهاء صلاحية الدفع",
  "pick_payment_scheduled_date_time": "جدولة الدفعة",
  "confirm": "تأكيد",
  "transaction_details": "معلومات المعاملات",
  "paid_to": "مدفوع إلى",
  "status": "الحالة",
  "notifications": "الإشعارات",
  "today": "اليوم",
  "yesterday": "البارحة",
  "last_week": "الأسبوع الماضي",
  "last_month": "الشهر الماضي",
  "excel_file_downloaded": "تم تنزيل الملف",
  "issue_occurred_while_downloading": "حدث خطأ أثناء التنزيل , يرجى إعادة المحاولة",
  "pick_expiry_date": "اختر تاريخ انتهاء الصلاحية",
  "expiry_date": "تحديد تاريخ انتهاء الصلاحية",
  "payment_details": "شرح سبب المطالبة",
  "adjust_profile_image": "ضبط صورة الملف الشخصي",
  "pick_image": "اختر صورة",
  "reset": "إعادة ضبط",
  "are_you_sure_you_want_to_delete_this_transaction": "هل أنت متأكد أنك تريد حذف المعاملة {model}؟",
  "yes": "نعم",
  "cancel": "إلغاء",
  "filter": "فلتر",
  "address": "المدينة",
  "email": "البريد الإلكتروني",
  "enter_your_email": "أدخل بريدك الإلكتروني",
  "update": "تعديل",
  "sp": "ل.س",
  "mobile_number_invalid": "رقم الهاتف غير صحيح",
  "we_are_pleased_share_invoice": "يسعدنا أن نشارك معك رابط الفاتورة أدناه",
  "paid_amount": "القيمة المطالبات",
  "pending_amount": "القيمة المطالبات غير المحصلة",
  "add_payment": "اضافة مطالبة",
  "privacy_policy1": "أوافق على",
  "privacy_policy2": "الشروط والأحكام"
}