{
  "app_name": "Tahsaldar",
  "enter_your_name": "Enter your Name",
  "complete_your_info": "Complete your Info",
  "enter_the_same_mobile_number": "Enter the same mobile number used at the bank",
  "you_will_receive_otp": "You will receive an OTP code for verification",
  "mobile_number": "Mobile Number",
  "enter_your_code": "Enter your verification code",
  "we_sent_you_the_code": "We sent you the code to",
  "resend_the_code": "Resend the code",
  "full_name": "Full Name",
  "type_your_name": "Type Your name....",
  "next": "Next",
  "welcome": "Welcome {model}",
  "last_transactions": "Last Transactions",
  "no_transactions_yet": "No transactions yet",
  "scheduled": "Scheduled",
  "canceled": "Canceled",
  "paid": "Paid",
  "pending": "Pending",
  "expired": "Expired",
  "transactions": "Transactions",
  "profile": "Profile",
  "add_payment_request": "Add payment Request",
  "payer_name": "Payer Name",
  "type_customer_name": "Type the customer name",
  "payment_amount": "Payment amount",
  "note": "Note",
  "type_here": "Type Here....",
  "syrian_pound": "SP",
  "amount": "Amount",
  "fees": "Fees",
  "total_amount": "Total amount",
  "last_updated": "Last updated at {model}",
  "request_now": "Request Now",
  "schedule_request": "Schedule Request",
  "request": "Request",
  "now": "Now",
  "schedule": "Schedule",
  "send": "Send",
  "add_bank_account": "Add Bank Account",
  "bank_name": "Bank Name",
  "account_number": "Account Number",
  "confirm_account_number": "Confirm Account Number",
  "back_account_number_does_not_match": "Bank account number doesn't match",
  "password": "Password",
  "add_account": "Add Account",
  "settings": "Settings",
  "language": "Language",
  "en": "English",
  "ar": "Arabic",
  "notification_settings": "Notification Settings",
  "mute_notifications": "Mute Notifications",
  "about_tahsaldar": "About Tahsaldar",
  "about_body": "Lorem Ipsum is simply dummy text of the printig and more \ntypeseting Lorem Ipsum is simply dummy text the printing and typesetting",
  "contact_us": "Contact us",
  "edit_profile": "Edit profile",
  "save": "Save",
  "logout": "Logout",
  "notification": "Notification",
  "details": "Details",
  "payee_name": "Payee Name",
  "pay": "Pay",
  "pick_payment_expiry_date_time": "Pick payment expiry date",
  "pick_payment_scheduled_date_time": "Schedule payment",
  "confirm": "Confirm",
  "transaction_details": "Transaction Details",
  "paid_to": "Paid to",
  "status": "Status",
  "notifications": "Notifications",
  "today": "Today",
  "yesterday": "Yesterday",
  "last_week": "Last Week",
  "last_month": "Last Month",
  "excel_file_downloaded": "Excel File Downloaded",
  "issue_occurred_while_downloading": "Issue occurred while downloading, Try Again",
  "pick_expiry_date": "Pick expiry date",
  "expiry_date": "Expiry Date",
  "payment_details": "Payment Details",
  "adjust_profile_image": "Adjust Profile Image",
  "pick_image": "Pick Image",
  "reset": "Reset",
  "are_you_sure_you_want_to_delete_this_transaction": "Are you sure you want to delete the transaction {model}?",
  "yes": "Yes",
  "cancel": "Cancel",
  "filter": "Filter",
  "address": "Address",
  "email": "Email",
  "enter_your_email": "Enter your email",
  "update": "Update",
  "sp": "SYP",
  "mobile_number_invalid": "Mobile Number Invalid",
  "optional": "Optional",
  "code_resent": "Code Resent",
  "we_are_pleased_share_invoice": "We're Pleased to share the invoice link below",
  "paid_amount": "Paid Amount",
  "pending_amount": "Pending Amount",
  "add_payment": "Add Payment",
  "privacy_policy1": "I agree to the ",
  "privacy_policy2": "terms and conditions"
}